<?xml version="1.0" encoding="utf-8" standalone="no"?>
<manifest xmlns:android="http://schemas.android.com/apk/res/android">
    <application android:theme="@android:style/Theme.Black.NoTitleBar.Fullscreen">
        <activity android:configChanges="locale|fontScale|keyboard|keyboardHidden|mcc|mnc|navigation|orientation|screenLayout|screenSize|smallestScreenSize|touchscreen|uiMode" android:label="@string/app_name" android:launchMode="singleTask" android:name="com.unity3d.player.UnityPlayerActivity" android:screenOrientation="landscape" android:excludeFromRecents="true">
            <intent-filter>
                <action android:name="android.intent.action.MAIN"/>
                <category android:name="android.intent.category.INFO"/>
            </intent-filter>
        </activity>
        <meta-data android:name="com.samsung.android.vr.application.mode" android:value="vr_only"/>
        <meta-data android:name="unityplayer.SkipPermissionsDialog" android:value="false" />
    </application>
    <uses-permission android:name="android.permission.INTERNET"/>
    <uses-permission android:name="android.permission.WAKE_LOCK"/>
</manifest>
